{
    "UserName": "",
    "Level": 100,
    "CurrentExp": 10.0,
    "SkillPoint": 70,
    "CurrentHp": 70.0,
    "CurrentMp": 71.56206512451172,
    "Atk": 15.0,
    "Def": 15.0,
    "Critical": 0.10000000149011612
}