{
    "UserName": "",
    "Level": 103,
    "CurrentExp": 85.0,
    "SkillPoint": 0,
    "CurrentHp": 40.0,
    "CurrentMp": 745.8063354492188,
    "Atk": 18.0,
    "Def": 18.0,
    "Critical": 0.10000000149011612
}